<?xml version="1.0" encoding="UTF-8" standalone="yes"?>

<xml>

<object type="card" unique_name="caro10" value="10" rotation_step="90" front="caro10.jpg" back="back.jpg"/>
<object type="card" unique_name="carobube" value="2" rotation_step="90" front="carobube.jpg" back="back.jpg"/>
<object type="card" unique_name="carodame" value="3" rotation_step="90" front="carodame.jpg" back="back.jpg"/>
<object type="card" unique_name="carokoenig" value="4" rotation_step="90" front="carokoenig.jpg" back="back.jpg"/>
<object type="card" unique_name="caroass" value="11" rotation_step="90" front="caroass.jpg" back="back.jpg"/>

<object type="card" unique_name="herz10" value="10" rotation_step="90" front="herz10.jpg" back="back.jpg"/>
<object type="card" unique_name="herzbube" value="2" rotation_step="90" front="herzbube.jpg" back="back.jpg"/>
<object type="card" unique_name="herzdame" value="3" rotation_step="90" front="herzdame.jpg" back="back.jpg"/>
<object type="card" unique_name="herzkoenig" value="4" rotation_step="90" front="herzkoenig.jpg" back="back.jpg"/>
<object type="card" unique_name="herzass" value="11" rotation_step="90" front="herzass.jpg" back="back.jpg"/>

<object type="card" unique_name="pik10" value="10" rotation_step="90" front="pik10.jpg" back="back.jpg"/>
<object type="card" unique_name="pikbube" value="2" rotation_step="90" front="pikbube.jpg" back="back.jpg"/>
<object type="card" unique_name="pikdame" value="3" rotation_step="90" front="pikdame.jpg" back="back.jpg"/>
<object type="card" unique_name="pikkoenig" value="4" rotation_step="90" front="pikkoenig.jpg" back="back.jpg"/>
<object type="card" unique_name="pikass" value="11" rotation_step="90" front="pikass.jpg" back="back.jpg"/>

<object type="card" unique_name="kreuz10" value="10" rotation_step="90" front="kreuz10.jpg" back="back.jpg"/>
<object type="card" unique_name="kreuzbube" value="2" rotation_step="90" front="kreuzbube.jpg" back="back.jpg"/>
<object type="card" unique_name="kreuzdame" value="3" rotation_step="90" front="kreuzdame.jpg" back="back.jpg"/>
<object type="card" unique_name="kreuzkoenig" value="4" rotation_step="90" front="kreuzkoenig.jpg" back="back.jpg"/>
<object type="card" unique_name="kreuzass" value="11" rotation_step="90" front="kreuzass.jpg" back="back.jpg"/>
<background>background.jpg</background>
</xml>
