﻿<?xml version="1.0" encoding="UTF-8" standalone="yes"?>
<xml>
<name>Wizard</name>
<object unique_name="yellow1" id="0" x="100" y="100" r="0"/>
<object unique_name="yellow2" id="1" x="100" y="100" r="0"/>
<object unique_name="yellow3" id="2" x="100" y="100" r="0"/>
<object unique_name="yellow4" id="3" x="100" y="100" r="0"/>
<object unique_name="yellow5" id="4" x="100" y="100" r="0"/>
<object unique_name="yellow6" id="5" x="100" y="100" r="0"/>
<object unique_name="yellow7" id="6" x="100" y="100" r="0"/>
<object unique_name="yellow8" id="7" x="100" y="100" r="0"/>
<object unique_name="yellow9" id="8" x="100" y="100" r="0"/>
<object unique_name="yellow10" id="9" x="100" y="100" r="0"/>
<object unique_name="yellow11" id="10" x="100" y="100" r="0"/>
<object unique_name="yellow12" id="11" x="100" y="100" r="0"/>
<object unique_name="yellow13" id="12" x="100" y="100" r="0"/>
<object unique_name="yellowjester" id="13" x="100" y="100" r="0"/>
<object unique_name="yellowwizard" id="14" x="100" y="100" r="0"/>
<object unique_name="green1" id="15" x="100" y="100" r="0"/>
<object unique_name="green2" id="16" x="100" y="100" r="0"/>
<object unique_name="green3" id="17" x="100" y="100" r="0"/>
<object unique_name="green4" id="18" x="100" y="100" r="0"/>
<object unique_name="green5" id="19" x="100" y="100" r="0"/>
<object unique_name="green6" id="20" x="100" y="100" r="0"/>
<object unique_name="green7" id="21" x="100" y="100" r="0"/>
<object unique_name="green8" id="22" x="100" y="100" r="0"/>
<object unique_name="green9" id="23" x="100" y="100" r="0"/>
<object unique_name="green10" id="24" x="100" y="100" r="0"/>
<object unique_name="green11" id="25" x="100" y="100" r="0"/>
<object unique_name="green12" id="26" x="100" y="100" r="0"/>
<object unique_name="green13" id="27" x="100" y="100" r="0"/>
<object unique_name="greenjester" id="28" x="100" y="100" r="0"/>
<object unique_name="greenwizard" id="29" x="100" y="100" r="0"/>
<object unique_name="blue1" id="30" x="100" y="100" r="0"/>
<object unique_name="blue2" id="31" x="100" y="100" r="0"/>
<object unique_name="blue3" id="32" x="100" y="100" r="0"/>
<object unique_name="blue4" id="33" x="100" y="100" r="0"/>
<object unique_name="blue5" id="34" x="100" y="100" r="0"/>
<object unique_name="blue6" id="35" x="100" y="100" r="0"/>
<object unique_name="blue7" id="36" x="100" y="100" r="0"/>
<object unique_name="blue8" id="37" x="100" y="100" r="0"/>
<object unique_name="blue9" id="38" x="100" y="100" r="0"/>
<object unique_name="blue10" id="39" x="100" y="100" r="0"/>
<object unique_name="blue11" id="40" x="100" y="100" r="0"/>
<object unique_name="blue12" id="41" x="100" y="100" r="0"/>
<object unique_name="blue13" id="42" x="100" y="100" r="0"/>
<object unique_name="bluejester" id="43" x="100" y="100" r="0"/>
<object unique_name="bluewizard" id="44" x="100" y="100" r="0"/>
<object unique_name="red1" id="45" x="100" y="100" r="0"/>
<object unique_name="red2" id="46" x="100" y="100" r="0"/>
<object unique_name="red3" id="47" x="100" y="100" r="0"/>
<object unique_name="red4" id="48" x="100" y="100" r="0"/>
<object unique_name="red5" id="49" x="100" y="100" r="0"/>
<object unique_name="red6" id="50" x="100" y="100" r="0"/>
<object unique_name="red7" id="51" x="100" y="100" r="0"/>
<object unique_name="red8" id="52" x="100" y="100" r="0"/>
<object unique_name="red9" id="53" x="100" y="100" r="0"/>
<object unique_name="red10" id="54" x="100" y="100" r="0"/>
<object unique_name="red11" id="55" x="100" y="100" r="0"/>
<object unique_name="red12" id="56" x="100" y="100" r="0"/>
<object unique_name="red13" id="57" x="100" y="100" r="0"/>
<object unique_name="redjester" id="58" x="100" y="100" r="0"/>
<object unique_name="redwizard" id="59" x="100" y="100" r="0"/>
<object unique_name="block" id="60" x="200" y="200" r="0"/>
</xml>