﻿<?xml version="1.0" encoding="UTF-8" standalone="yes"?>
<xml>
<object type="card" unique_name="green1" front="green1.jpg" back="back.jpg"/>
<object type="card" unique_name="green2" front="green2.jpg" back="back.jpg"/>
<object type="card" unique_name="green3" front="green3.jpg" back="back.jpg"/>
<object type="card" unique_name="green4" front="green4.jpg" back="back.jpg"/>
<object type="card" unique_name="green5" front="green5.jpg" back="back.jpg"/>
<object type="card" unique_name="green6" front="green6.jpg" back="back.jpg"/>
<object type="card" unique_name="green7" front="green7.jpg" back="back.jpg"/>
<object type="card" unique_name="green8" front="green8.jpg" back="back.jpg"/>
<object type="card" unique_name="green9" front="green9.jpg" back="back.jpg"/>
<object type="card" unique_name="green10" front="green10.jpg" back="back.jpg"/>
<object type="card" unique_name="green11" front="green11.jpg" back="back.jpg"/>
<object type="card" unique_name="green12" front="green12.jpg" back="back.jpg"/>
<object type="card" unique_name="green13" front="green13.jpg" back="back.jpg"/>
<object type="card" unique_name="greenjester" front="greenjester.jpg" back="back.jpg"/>
<object type="card" unique_name="greenwizard" front="greenwizard.jpg" back="back.jpg"/>
<object type="card" unique_name="red1" front="red1.jpg" back="back.jpg"/>
<object type="card" unique_name="red2" front="red2.jpg" back="back.jpg"/>
<object type="card" unique_name="red3" front="red3.jpg" back="back.jpg"/>
<object type="card" unique_name="red4" front="red4.jpg" back="back.jpg"/>
<object type="card" unique_name="red5" front="red5.jpg" back="back.jpg"/>
<object type="card" unique_name="red6" front="red6.jpg" back="back.jpg"/>
<object type="card" unique_name="red7" front="red7.jpg" back="back.jpg"/>
<object type="card" unique_name="red8" front="red8.jpg" back="back.jpg"/>
<object type="card" unique_name="red9" front="red9.jpg" back="back.jpg"/>
<object type="card" unique_name="red10" front="red10.jpg" back="back.jpg"/>
<object type="card" unique_name="red11" front="red11.jpg" back="back.jpg"/>
<object type="card" unique_name="red12" front="red12.jpg" back="back.jpg"/>
<object type="card" unique_name="red13" front="red13.jpg" back="back.jpg"/>
<object type="card" unique_name="redjester" front="redjester.jpg" back="back.jpg"/>
<object type="card" unique_name="redwizard" front="redwizard.jpg" back="back.jpg"/>
<object type="card" unique_name="yellow1" front="yellow1.jpg" back="back.jpg"/>
<object type="card" unique_name="yellow2" front="yellow2.jpg" back="back.jpg"/>
<object type="card" unique_name="yellow3" front="yellow3.jpg" back="back.jpg"/>
<object type="card" unique_name="yellow4" front="yellow4.jpg" back="back.jpg"/>
<object type="card" unique_name="yellow5" front="yellow5.jpg" back="back.jpg"/>
<object type="card" unique_name="yellow6" front="yellow6.jpg" back="back.jpg"/>
<object type="card" unique_name="yellow7" front="yellow7.jpg" back="back.jpg"/>
<object type="card" unique_name="yellow8" front="yellow8.jpg" back="back.jpg"/>
<object type="card" unique_name="yellow9" front="yellow9.jpg" back="back.jpg"/>
<object type="card" unique_name="yellow10" front="yellow10.jpg" back="back.jpg"/>
<object type="card" unique_name="yellow11" front="yellow11.jpg" back="back.jpg"/>
<object type="card" unique_name="yellow12" front="yellow12.jpg" back="back.jpg"/>
<object type="card" unique_name="yellow13" front="yellow13.jpg" back="back.jpg"/>
<object type="card" unique_name="yellowjester" front="yellowjester.jpg" back="back.jpg"/>
<object type="card" unique_name="yellowwizard" front="yellowwizard.jpg" back="back.jpg"/>
<object type="card" unique_name="blue1" front="blue1.jpg" back="back.jpg"/>
<object type="card" unique_name="blue2" front="blue2.jpg" back="back.jpg"/>
<object type="card" unique_name="blue3" front="blue3.jpg" back="back.jpg"/>
<object type="card" unique_name="blue4" front="blue4.jpg" back="back.jpg"/>
<object type="card" unique_name="blue5" front="blue5.jpg" back="back.jpg"/>
<object type="card" unique_name="blue6" front="blue6.jpg" back="back.jpg"/>
<object type="card" unique_name="blue7" front="blue7.jpg" back="back.jpg"/>
<object type="card" unique_name="blue8" front="blue8.jpg" back="back.jpg"/>
<object type="card" unique_name="blue9" front="blue9.jpg" back="back.jpg"/>
<object type="card" unique_name="blue10" front="blue10.jpg" back="back.jpg"/>
<object type="card" unique_name="blue11" front="blue11.jpg" back="back.jpg"/>
<object type="card" unique_name="blue12" front="blue12.jpg" back="back.jpg"/>
<object type="card" unique_name="blue13" front="blue13.jpg" back="back.jpg"/>
<object type="card" unique_name="bluejester" front="bluejester.jpg" back="back.jpg"/>
<object type="card" unique_name="bluewizard" front="bluewizard.jpg" back="back.jpg"/>
<object type="card" unique_name="block" front="block.jpg" back="block.jpg"/>
<background>background.jpg</background>
</xml>